#,nombre
76000000,Persona Prueba 0
76000001,Persona Prueba 1
76000002,Persona Prueba 2
76000003,Persona Prueba 3
76000004,Persona Prueba 4
76000005,Persona Prueba 5
76000006,Persona Prueba 6
76000007,Persona Prueba 7
76000008,Persona Prueba 8
76000009,Persona Prueba 9
76000010,Persona Prueba 10
76000011,Persona Prueba 11
76000012,Persona Prueba 12
76000013,Persona Prueba 13
76000014,Persona Prueba 14
76000015,Persona Prueba 15
76000016,Persona Prueba 16
76000017,Persona Prueba 17
76000018,Persona Prueba 18
76000019,Persona Prueba 19
76000020,Persona Prueba 20
76000021,Persona Prueba 21
76000022,Persona Prueba 22
76000023,Persona Prueba 23
76000024,Persona Prueba 24
76000025,Persona Prueba 25
76000026,Persona Prueba 26
76000027,Persona Prueba 27
76000028,Persona Prueba 28
76000029,Persona Prueba 29
76000030,Persona Prueba 30
76000031,Persona Prueba 31
76000032,Persona Prueba 32
76000033,Persona Prueba 33
76000034,Persona Prueba 34
76000035,Persona Prueba 35
76000036,Persona Prueba 36
76000037,Persona Prueba 37
76000038,Persona Prueba 38
76000039,Persona Prueba 39
76000040,Persona Prueba 40
76000041,Persona Prueba 41
76000042,Persona Prueba 42
76000043,Persona Prueba 43
76000044,Persona Prueba 44
76000045,Persona Prueba 45
76000046,Persona Prueba 46
76000047,Persona Prueba 47
76000048,Persona Prueba 48
76000049,Persona Prueba 49
76000050,Persona Prueba 50
76000051,Persona Prueba 51
76000052,Persona Prueba 52
76000053,Persona Prueba 53
76000054,Persona Prueba 54
76000055,Persona Prueba 55
76000056,Persona Prueba 56
76000057,Persona Prueba 57
76000058,Persona Prueba 58
76000059,Persona Prueba 59
76000060,Persona Prueba 60
76000061,Persona Prueba 61
76000062,Persona Prueba 62
76000063,Persona Prueba 63
76000064,Persona Prueba 64
76000065,Persona Prueba 65
76000066,Persona Prueba 66
76000067,Persona Prueba 67
76000068,Persona Prueba 68
76000069,Persona Prueba 69
76000070,Persona Prueba 70
76000071,Persona Prueba 71
76000072,Persona Prueba 72
76000073,Persona Prueba 73
76000074,Persona Prueba 74
76000075,Persona Prueba 75
76000076,Persona Prueba 76
76000077,Persona Prueba 77
76000078,Persona Prueba 78
76000079,Persona Prueba 79
76000080,Persona Prueba 80
76000081,Persona Prueba 81
76000082,Persona Prueba 82
76000083,Persona Prueba 83
76000084,Persona Prueba 84
76000085,Persona Prueba 85
76000086,Persona Prueba 86
76000087,Persona Prueba 87
76000088,Persona Prueba 88
76000089,Persona Prueba 89
76000090,Persona Prueba 90
76000091,Persona Prueba 91
76000092,Persona Prueba 92
76000093,Persona Prueba 93
76000094,Persona Prueba 94
76000095,Persona Prueba 95
76000096,Persona Prueba 96
76000097,Persona Prueba 97
76000098,Persona Prueba 98
76000099,Persona Prueba 99
76000100,Persona Prueba 100
76000101,Persona Prueba 101
76000102,Persona Prueba 102
76000103,Persona Prueba 103
76000104,Persona Prueba 104
76000105,Persona Prueba 105
76000106,Persona Prueba 106
76000107,Persona Prueba 107
76000108,Persona Prueba 108
76000109,Persona Prueba 109
76000110,Persona Prueba 110
76000111,Persona Prueba 111
76000112,Persona Prueba 112
76000113,Persona Prueba 113
76000114,Persona Prueba 114
76000115,Persona Prueba 115
76000116,Persona Prueba 116
76000117,Persona Prueba 117
76000118,Persona Prueba 118
76000119,Persona Prueba 119
76000120,Persona Prueba 120
76000121,Persona Prueba 121
76000122,Persona Prueba 122
76000123,Persona Prueba 123
76000124,Persona Prueba 124
76000125,Persona Prueba 125
76000126,Persona Prueba 126
76000127,Persona Prueba 127
76000128,Persona Prueba 128
76000129,Persona Prueba 129
76000130,Persona Prueba 130
76000131,Persona Prueba 131
76000132,Persona Prueba 132
76000133,Persona Prueba 133
76000134,Persona Prueba 134
76000135,Persona Prueba 135
76000136,Persona Prueba 136
76000137,Persona Prueba 137
76000138,Persona Prueba 138
76000139,Persona Prueba 139
76000140,Persona Prueba 140
76000141,Persona Prueba 141
76000142,Persona Prueba 142
76000143,Persona Prueba 143
76000144,Persona Prueba 144
76000145,Persona Prueba 145
76000146,Persona Prueba 146
76000147,Persona Prueba 147
76000148,Persona Prueba 148
76000149,Persona Prueba 149
76000150,Persona Prueba 150
76000151,Persona Prueba 151
76000152,Persona Prueba 152
76000153,Persona Prueba 153
76000154,Persona Prueba 154
76000155,Persona Prueba 155
76000156,Persona Prueba 156
76000157,Persona Prueba 157
76000158,Persona Prueba 158
76000159,Persona Prueba 159
76000160,Persona Prueba 160
76000161,Persona Prueba 161
76000162,Persona Prueba 162
76000163,Persona Prueba 163
76000164,Persona Prueba 164
76000165,Persona Prueba 165
76000166,Persona Prueba 166
76000167,Persona Prueba 167
76000168,Persona Prueba 168
76000169,Persona Prueba 169
76000170,Persona Prueba 170
76000171,Persona Prueba 171
76000172,Persona Prueba 172
76000173,Persona Prueba 173
76000174,Persona Prueba 174
76000175,Persona Prueba 175
76000176,Persona Prueba 176
76000177,Persona Prueba 177
76000178,Persona Prueba 178
76000179,Persona Prueba 179
76000180,Persona Prueba 180
76000181,Persona Prueba 181
76000182,Persona Prueba 182
76000183,Persona Prueba 183
76000184,Persona Prueba 184
76000185,Persona Prueba 185
76000186,Persona Prueba 186
76000187,Persona Prueba 187
76000188,Persona Prueba 188
76000189,Persona Prueba 189
76000190,Persona Prueba 190
76000191,Persona Prueba 191
76000192,Persona Prueba 192
76000193,Persona Prueba 193
76000194,Persona Prueba 194
76000195,Persona Prueba 195
76000196,Persona Prueba 196
76000197,Persona Prueba 197
76000198,Persona Prueba 198
76000199,Persona Prueba 199
76000200,Persona Prueba 200
76000201,Persona Prueba 201
76000202,Persona Prueba 202
76000203,Persona Prueba 203
76000204,Persona Prueba 204
76000205,Persona Prueba 205
76000206,Persona Prueba 206
76000207,Persona Prueba 207
76000208,Persona Prueba 208
76000209,Persona Prueba 209
76000210,Persona Prueba 210
76000211,Persona Prueba 211
76000212,Persona Prueba 212
76000213,Persona Prueba 213
76000214,Persona Prueba 214
76000215,Persona Prueba 215
76000216,Persona Prueba 216
76000217,Persona Prueba 217
76000218,Persona Prueba 218
76000219,Persona Prueba 219
76000220,Persona Prueba 220
76000221,Persona Prueba 221
76000222,Persona Prueba 222
76000223,Persona Prueba 223
76000224,Persona Prueba 224
76000225,Persona Prueba 225
76000226,Persona Prueba 226
76000227,Persona Prueba 227
76000228,Persona Prueba 228
76000229,Persona Prueba 229
76000230,Persona Prueba 230
76000231,Persona Prueba 231
76000232,Persona Prueba 232
76000233,Persona Prueba 233
76000234,Persona Prueba 234
76000235,Persona Prueba 235
76000236,Persona Prueba 236
76000237,Persona Prueba 237
76000238,Persona Prueba 238
76000239,Persona Prueba 239
76000240,Persona Prueba 240
76000241,Persona Prueba 241
76000242,Persona Prueba 242
76000243,Persona Prueba 243
76000244,Persona Prueba 244
76000245,Persona Prueba 245
76000246,Persona Prueba 246
76000247,Persona Prueba 247
76000248,Persona Prueba 248
76000249,Persona Prueba 249
76000250,Persona Prueba 250
76000251,Persona Prueba 251
76000252,Persona Prueba 252
76000253,Persona Prueba 253
76000254,Persona Prueba 254
76000255,Persona Prueba 255
76000256,Persona Prueba 256
76000257,Persona Prueba 257
76000258,Persona Prueba 258
76000259,Persona Prueba 259
76000260,Persona Prueba 260
76000261,Persona Prueba 261
76000262,Persona Prueba 262
76000263,Persona Prueba 263
76000264,Persona Prueba 264
76000265,Persona Prueba 265
76000266,Persona Prueba 266
76000267,Persona Prueba 267
76000268,Persona Prueba 268
76000269,Persona Prueba 269
76000270,Persona Prueba 270
76000271,Persona Prueba 271
76000272,Persona Prueba 272
76000273,Persona Prueba 273
76000274,Persona Prueba 274
76000275,Persona Prueba 275
76000276,Persona Prueba 276
76000277,Persona Prueba 277
76000278,Persona Prueba 278
76000279,Persona Prueba 279
76000280,Persona Prueba 280
76000281,Persona Prueba 281
76000282,Persona Prueba 282
76000283,Persona Prueba 283
76000284,Persona Prueba 284
76000285,Persona Prueba 285
76000286,Persona Prueba 286
76000287,Persona Prueba 287
76000288,Persona Prueba 288
76000289,Persona Prueba 289
76000290,Persona Prueba 290
76000291,Persona Prueba 291
76000292,Persona Prueba 292
76000293,Persona Prueba 293
76000294,Persona Prueba 294
76000295,Persona Prueba 295
76000296,Persona Prueba 296
76000297,Persona Prueba 297
76000298,Persona Prueba 298
76000299,Persona Prueba 299
76000300,Persona Prueba 300
76000301,Persona Prueba 301
76000302,Persona Prueba 302
76000303,Persona Prueba 303
76000304,Persona Prueba 304
76000305,Persona Prueba 305
76000306,Persona Prueba 306
76000307,Persona Prueba 307
76000308,Persona Prueba 308
76000309,Persona Prueba 309
76000310,Persona Prueba 310
76000311,Persona Prueba 311
76000312,Persona Prueba 312
76000313,Persona Prueba 313
76000314,Persona Prueba 314
76000315,Persona Prueba 315
76000316,Persona Prueba 316
76000317,Persona Prueba 317
76000318,Persona Prueba 318
76000319,Persona Prueba 319
76000320,Persona Prueba 320
76000321,Persona Prueba 321
76000322,Persona Prueba 322
76000323,Persona Prueba 323
76000324,Persona Prueba 324
76000325,Persona Prueba 325
76000326,Persona Prueba 326
76000327,Persona Prueba 327
76000328,Persona Prueba 328
76000329,Persona Prueba 329
76000330,Persona Prueba 330
76000331,Persona Prueba 331
76000332,Persona Prueba 332
76000333,Persona Prueba 333
76000334,Persona Prueba 334
76000335,Persona Prueba 335
76000336,Persona Prueba 336
76000337,Persona Prueba 337
76000338,Persona Prueba 338
76000339,Persona Prueba 339
76000340,Persona Prueba 340
76000341,Persona Prueba 341
76000342,Persona Prueba 342
76000343,Persona Prueba 343
76000344,Persona Prueba 344
76000345,Persona Prueba 345
76000346,Persona Prueba 346
76000347,Persona Prueba 347
76000348,Persona Prueba 348
76000349,Persona Prueba 349
76000350,Persona Prueba 350
76000351,Persona Prueba 351
76000352,Persona Prueba 352
76000353,Persona Prueba 353
76000354,Persona Prueba 354
76000355,Persona Prueba 355
76000356,Persona Prueba 356
76000357,Persona Prueba 357
76000358,Persona Prueba 358
76000359,Persona Prueba 359
76000360,Persona Prueba 360
76000361,Persona Prueba 361
76000362,Persona Prueba 362
76000363,Persona Prueba 363
76000364,Persona Prueba 364
76000365,Persona Prueba 365
76000366,Persona Prueba 366
76000367,Persona Prueba 367
76000368,Persona Prueba 368
76000369,Persona Prueba 369
76000370,Persona Prueba 370
76000371,Persona Prueba 371
76000372,Persona Prueba 372
76000373,Persona Prueba 373
76000374,Persona Prueba 374
76000375,Persona Prueba 375
76000376,Persona Prueba 376
76000377,Persona Prueba 377
76000378,Persona Prueba 378
76000379,Persona Prueba 379
76000380,Persona Prueba 380
76000381,Persona Prueba 381
76000382,Persona Prueba 382
76000383,Persona Prueba 383
76000384,Persona Prueba 384
76000385,Persona Prueba 385
76000386,Persona Prueba 386
76000387,Persona Prueba 387
76000388,Persona Prueba 388
76000389,Persona Prueba 389
76000390,Persona Prueba 390
76000391,Persona Prueba 391
76000392,Persona Prueba 392
76000393,Persona Prueba 393
76000394,Persona Prueba 394
76000395,Persona Prueba 395
76000396,Persona Prueba 396
76000397,Persona Prueba 397
76000398,Persona Prueba 398
76000399,Persona Prueba 399
76000400,Persona Prueba 400
76000401,Persona Prueba 401
76000402,Persona Prueba 402
76000403,Persona Prueba 403
76000404,Persona Prueba 404
76000405,Persona Prueba 405
76000406,Persona Prueba 406
76000407,Persona Prueba 407
76000408,Persona Prueba 408
76000409,Persona Prueba 409
76000410,Persona Prueba 410
76000411,Persona Prueba 411
76000412,Persona Prueba 412
76000413,Persona Prueba 413
76000414,Persona Prueba 414
76000415,Persona Prueba 415
76000416,Persona Prueba 416
76000417,Persona Prueba 417
76000418,Persona Prueba 418
76000419,Persona Prueba 419
76000420,Persona Prueba 420
76000421,Persona Prueba 421
76000422,Persona Prueba 422
76000423,Persona Prueba 423
76000424,Persona Prueba 424
76000425,Persona Prueba 425
76000426,Persona Prueba 426
76000427,Persona Prueba 427
76000428,Persona Prueba 428
76000429,Persona Prueba 429
76000430,Persona Prueba 430
76000431,Persona Prueba 431
76000432,Persona Prueba 432
76000433,Persona Prueba 433
76000434,Persona Prueba 434
76000435,Persona Prueba 435
76000436,Persona Prueba 436
76000437,Persona Prueba 437
76000438,Persona Prueba 438
76000439,Persona Prueba 439
76000440,Persona Prueba 440
76000441,Persona Prueba 441
76000442,Persona Prueba 442
76000443,Persona Prueba 443
76000444,Persona Prueba 444
76000445,Persona Prueba 445
76000446,Persona Prueba 446
76000447,Persona Prueba 447
76000448,Persona Prueba 448
76000449,Persona Prueba 449
76000450,Persona Prueba 450
76000451,Persona Prueba 451
76000452,Persona Prueba 452
76000453,Persona Prueba 453
76000454,Persona Prueba 454
76000455,Persona Prueba 455
76000456,Persona Prueba 456
76000457,Persona Prueba 457
76000458,Persona Prueba 458
76000459,Persona Prueba 459
76000460,Persona Prueba 460
76000461,Persona Prueba 461
76000462,Persona Prueba 462
76000463,Persona Prueba 463
76000464,Persona Prueba 464
76000465,Persona Prueba 465
76000466,Persona Prueba 466
76000467,Persona Prueba 467
76000468,Persona Prueba 468
76000469,Persona Prueba 469
76000470,Persona Prueba 470
76000471,Persona Prueba 471
76000472,Persona Prueba 472
76000473,Persona Prueba 473
76000474,Persona Prueba 474
76000475,Persona Prueba 475
76000476,Persona Prueba 476
76000477,Persona Prueba 477
76000478,Persona Prueba 478
76000479,Persona Prueba 479
76000480,Persona Prueba 480
76000481,Persona Prueba 481
76000482,Persona Prueba 482
76000483,Persona Prueba 483
76000484,Persona Prueba 484
76000485,Persona Prueba 485
76000486,Persona Prueba 486
76000487,Persona Prueba 487
76000488,Persona Prueba 488
76000489,Persona Prueba 489
76000490,Persona Prueba 490
76000491,Persona Prueba 491
76000492,Persona Prueba 492
76000493,Persona Prueba 493
76000494,Persona Prueba 494
76000495,Persona Prueba 495
76000496,Persona Prueba 496
76000497,Persona Prueba 497
76000498,Persona Prueba 498
76000499,Persona Prueba 499
